question_id,section_type,question_type,difficulty,passage,stimulus,choice_a,choice_b,choice_c,choice_d,choice_e,correct_answer,explanation,wrong_answer_a,wrong_answer_b,wrong_answer_c,wrong_answer_d,wrong_answer_e,source,tags
LR_B1_001,Logical Reasoning,Must Be True,1,N/A,"If the factory increases production, then emissions will rise. The factory has increased production today.",Emissions will fall.,Emissions will remain stable.,Emissions will rise.,Production will halt.,The factory will close.,C,The premises establish a sufficient condition that has been met.,Incorrect. Contradicts the premise.,Incorrect. Contradicts the conditional statement.,Correct. Direct application of modus ponens.,Incorrect. Out of scope.,Incorrect. Out of scope.,custom_gemini_generated,"logic, conditional"
LR_B1_002,Logical Reasoning,Must Be True,1,N/A,All members of the chess club are students. Sarah is a member of the chess club.,Sarah is a teacher.,Sarah is a student.,Sarah plays checkers.,Sarah is the club president.,Students are not club members.,B,"Since Sarah belongs to a group entirely composed of students, she must be a student.",Incorrect. Contradicts the premise.,Correct. Follows directly from the premises.,Incorrect. Unsupported by the text.,Incorrect. Unsupported by the text.,Incorrect. Contradicts the first premise.,custom_gemini_generated,"logic, formal"
LR_B1_003,Logical Reasoning,Must Be True,1,N/A,Only licensed drivers can operate the company vehicle. John operates the company vehicle.,John is unlicensed.,John owns the vehicle.,John is a licensed driver.,John is a mechanic.,The vehicle is broken.,C,"Operating the vehicle requires a license, so John must have one.",Incorrect. Contradicts the logical deduction.,Incorrect. Ownership is not discussed.,Correct. Valid application of a necessary condition.,Incorrect. Irrelevant detail.,Incorrect. Irrelevant detail.,custom_gemini_generated,"logic, necessary_condition"
LR_B1_004,Logical Reasoning,Must Be True,1,N/A,"Every time it snows, the local school closes. The local school is open today.",It is snowing heavily.,It is raining.,The school is closed.,It is not snowing.,Students are on break.,D,"Modus tollens applies; since the necessary result did not occur, the sufficient trigger did not happen.",Incorrect. Contradicts the premise.,Incorrect. Could be true but doesn't have to be.,Incorrect. Contradicts the prompt.,Correct. Valid contrapositive.,Incorrect. Out of scope.,custom_gemini_generated,"logic, contrapositive"
LR_B1_005,Logical Reasoning,Must Be True,1,N/A,"To bake a cake, one must have flour. Mary baked a cake today.",Mary used sugar.,Mary hates baking.,Mary had flour.,Mary baked a pie.,Mary bought a cake.,C,Baking a cake guarantees that the necessary condition (having flour) was met.,Incorrect. Plausible but not strictly necessary.,Incorrect. Subjective and unsupported.,Correct. Necessary condition fulfilled.,Incorrect. Unrelated to the stimulus.,Incorrect. Contradicts the premise.,custom_gemini_generated,"logic, necessary_condition"
LR_B1_006,Logical Reasoning,Must Be True,1,N/A,No reptiles have fur. The newly discovered animal has fur.,The animal is a reptile.,The animal is a mammal.,The animal is not a reptile.,The animal is extinct.,The animal has scales.,C,"Because having fur mutually excludes being a reptile, the animal cannot be one.",Incorrect. Direct contradiction of premises.,Incorrect. Plausible but not logically proven.,Correct. Valid deduction.,Incorrect. Extinction is out of scope.,Incorrect. Unsupported by the text.,custom_gemini_generated,"logic, conditional"
LR_B1_007,Logical Reasoning,Must Be True,1,N/A,"If the alarm sounds, the building must be evacuated. The alarm is currently sounding.",The building must be evacuated.,It is a false alarm.,The building is safe.,The alarm is broken.,Nobody is inside.,A,"The sufficient condition has occurred, so the necessary condition must follow.",Correct. Application of modus ponens.,Incorrect. Speculative.,Incorrect. Contradicts the implication of the alarm.,Incorrect. Speculative.,Incorrect. Out of scope.,custom_gemini_generated,"logic, conditional"
LR_B1_008,Logical Reasoning,Must Be True,1,N/A,All squares are rectangles. Shape X is a square.,Shape X is a circle.,Shape X is a triangle.,Shape X is a rectangle.,Shape X is a pentagon.,Shape X is an oval.,C,"Since X is a subset of squares, and squares are a subset of rectangles, X is a rectangle.",Incorrect. Contradicts the premise.,Incorrect. Contradicts the premise.,Correct. Valid categorical logic.,Incorrect. Contradicts the premise.,Incorrect. Contradicts the premise.,custom_gemini_generated,"logic, categorical"
LR_B1_009,Logical Reasoning,Must Be True,1,N/A,Birds are the only animals that have feathers. A pigeon is a bird.,Pigeons definitely have feathers.,A pigeon might be a mammal.,A pigeon could be a reptile.,Some birds lack feathers.,"If an animal has feathers, it is a bird.",E,"The prompt states feathers are exclusive to birds, creating a necessary condition.","Incorrect. Pigeons might not have feathers, but if an animal has feathers, it's a bird.",Incorrect. Pigeons are birds.,Incorrect. Pigeons are birds.,Incorrect. The stimulus doesn't prove this.,Correct. Rephrases the exclusivity of the premise.,custom_gemini_generated,"logic, formal"
LR_B1_010,Logical Reasoning,Must Be True,1,N/A,Any car parked in the red zone will be towed. My car was parked in the red zone.,My car is safe.,My car got a ticket.,My car will be towed.,My car was stolen.,My car is blue.,C,The stated consequence for parking in the red zone must apply to the speaker's car.,Incorrect. Contradicts the rule.,Incorrect. A ticket isn't mentioned.,Correct. Direct application of the rule.,Incorrect. Out of scope.,Incorrect. Irrelevant detail.,custom_gemini_generated,"logic, conditional"
LR_B1_011,Logical Reasoning,Weaken,2,N/A,The mayor claims that adding bike lanes will reduce traffic congestion because more people will bike instead of drive.,Bike sales have increased recently.,Most drivers commute from distances too far to bike.,Biking is good for cardiovascular health.,The city has a mild climate.,Traffic congestion causes pollution.,B,"If most drivers cannot switch to biking, adding lanes won't reduce the driving volume.",Incorrect. Strengthens the mayor's premise.,Correct. Identifies a barrier to the proposed behavioral shift.,Incorrect. Irrelevant to traffic congestion.,Incorrect. Irrelevant or slightly strengthens.,Incorrect. Out of scope regarding the solution's effectiveness.,custom_gemini_generated,"causal, policy"
LR_B1_012,Logical Reasoning,Weaken,2,N/A,"Drinking green tea daily leads to weight loss, as a study showed daily green tea drinkers lost more weight than non-drinkers.",Green tea is cheaper than coffee.,Green tea has antioxidants.,The green tea drinkers in the study also followed a strict diet.,Weight loss is difficult.,Many people dislike green tea.,C,"Introduces an alternative cause for the weight loss, weakening the tea's causal claim.",Incorrect. Irrelevant economic fact.,Incorrect. Irrelevant health fact.,Correct. Provides an alternative cause.,Incorrect. Broad generalization.,Incorrect. Preference doesn't affect the chemical claim.,custom_gemini_generated,"causal, flaw"
LR_B1_013,Logical Reasoning,Weaken,2,N/A,"Because the new software was installed on Monday and profits dropped on Tuesday, the software caused the profit drop.",The software is expensive.,A major market crash occurred on Monday night.,The software is highly rated.,Competitors use the same software.,Profits are always fluctuating.,B,Provides a much more significant alternative cause for the drop in profits.,Incorrect. Cost alone doesn't explain a sudden drop.,Correct. Offers a strong alternative explanation.,Incorrect. Does not address the profit drop.,Incorrect. Fails to explain the timing of the drop.,Incorrect. Too vague to weaken a specific correlation.,custom_gemini_generated,"causal, alternative"
LR_B1_014,Logical Reasoning,Weaken,2,N/A,"Switching to a four-day workweek will increase company productivity, as employees will be more rested.","Employees will use the fifth day to work second jobs, becoming more exhausted.",A four-day workweek is popular among staff.,Productivity is currently average.,Other companies have five-day workweeks.,The office building will save on utilities.,A,"Shows that the assumed mechanism (rest) will not occur, undermining the conclusion.",Correct. Directly undermines the premise of being rested.,Incorrect. Popularity doesn't equal productivity.,Incorrect. Irrelevant baseline.,Incorrect. Competitors' schedules don't affect this claim.,Incorrect. Cost savings are separate from productivity.,custom_gemini_generated,"causal, assumption"
LR_B1_015,Logical Reasoning,Weaken,2,N/A,Using fertilizer X increases crop yield. We know this because Farm A used X and had a huge harvest.,Farm B used fertilizer Y.,"Farm A is located in a region that received ideal rainfall this year, unlike other regions.",Fertilizer X is organic.,Farm A is a large farm.,Crop yields are measured by weight.,B,"Provides an alternative cause (rainfall) for the large harvest, weakening the fertilizer claim.",Incorrect. Does not affect Farm A's results.,Correct. Introduces a confounding variable.,Incorrect. Organic status is irrelevant to yield claims here.,Incorrect. Size doesn't explain a change in yield rate.,Incorrect. Measurement methods are out of scope.,custom_gemini_generated,"causal, alternative"
LR_B1_016,Logical Reasoning,Strengthen,2,N/A,The new security system will reduce theft. It features high-resolution cameras that deter criminals.,The cameras are expensive.,Criminals are known to avoid areas with visible high-resolution cameras.,The system is easy to install.,Theft has been rising recently.,Security guards are still employed.,B,Confirms the psychological mechanism (deterrence) assumed by the argument.,Incorrect. Cost is irrelevant to effectiveness.,Correct. Bolsters the specific mechanism claimed.,Incorrect. Ease of use doesn't guarantee deterrence.,Incorrect. A rising trend doesn't prove the system will fix it.,Incorrect. Presence of guards doesn't validate the cameras.,custom_gemini_generated,"causal, strengthen"
LR_B1_017,Logical Reasoning,Strengthen,2,N/A,"Students who read physical books score higher on reading tests than those who read on screens, so screens impair comprehension.",Screens emit blue light.,Physical books are heavier.,"In controlled studies where reading material is identical, screen readers consistently score lower.",Tests are usually taken on paper.,Schools are buying more tablets.,C,Rules out variations in content and provides controlled data supporting the causal link.,Incorrect. Blue light is a fact but doesn't explicitly link to comprehension here.,Incorrect. Weight is irrelevant to comprehension.,Correct. Strengthens the correlation by controlling variables.,"Incorrect. Test medium might be a factor, but doesn't prove the claim.",Incorrect. Out of scope policy trend.,custom_gemini_generated,"causal, data"
LR_B1_018,Logical Reasoning,Strengthen,2,N/A,"Because town A implemented a recycling program and saw reduced landfill waste, the program was a success.",Town A also banned all non-recyclable packaging at the exact same time.,Surrounding towns without recycling programs saw no reduction in landfill waste.,Recycling bins are blue.,Town A has a small population.,Landfills are bad for the environment.,B,"Shows that where the cause is absent, the effect is absent, strengthening the causal link.",Incorrect. This would weaken the argument by providing an alternative cause.,Correct. Strengthens by showing a control group without the effect.,Incorrect. Color is irrelevant.,Incorrect. Population size doesn't address the change in waste.,Incorrect. General truth irrelevant to the program's efficacy.,custom_gemini_generated,"causal, control"
LR_B1_019,Logical Reasoning,Strengthen,2,N/A,Taking vitamin C prevents colds. People who take vitamin C rarely get sick.,Vitamin C is sour.,People who take vitamin C also tend to wash their hands more frequently.,Clinical trials show vitamin C destroys cold viruses in the bloodstream.,Colds are caused by viruses.,Oranges contain vitamin C.,C,Provides a biological mechanism explaining how the cause leads to the effect.,Incorrect. Taste is irrelevant.,Incorrect. This weakens the argument by giving an alternative cause.,Correct. Explains the mechanism of action.,Incorrect. Basic fact that doesn't prove the vitamin works.,Incorrect. Source of the vitamin is irrelevant.,custom_gemini_generated,"causal, mechanism"
LR_B1_020,Logical Reasoning,Strengthen,2,N/A,The decline in the local bee population is caused by the new pesticide used by farmers.,Farmers use tractors.,Bees are important for pollination.,"When the pesticide was temporarily banned last year, the bee population immediately recovered.",Other insects are also declining.,The pesticide is cheap.,C,"Shows that removing the purported cause removes the effect, strongly supporting the causal claim.",Incorrect. Irrelevant farming equipment.,Incorrect. Irrelevant ecological fact.,Correct. Demonstrates a clear causal relationship via removal.,"Incorrect. Could imply a broader environmental issue, not necessarily the pesticide.",Incorrect. Cost is irrelevant.,custom_gemini_generated,"causal, removal"
LR_B1_021,Logical Reasoning,Flaw,2,N/A,"Most of the team members are tall. Therefore, the team as a whole must be exceptionally tall compared to other teams.",Fails to consider the coach's height.,Assumes that what is true of the parts is true of the whole relative to an external baseline.,Relies on an emotional appeal.,Attacks the team rather than the argument.,Assumes tall means skilled.,B,"This is a classic fallacy of composition, assuming the aggregate matches the individual traits without a baseline.",Incorrect. The coach is not part of the team members' average.,Correct. Identifies the part-to-whole logical flaw.,Incorrect. No emotion is present in the stimulus.,Incorrect. No ad hominem attack is present.,Incorrect. Skill is never mentioned.,custom_gemini_generated,"flaw, composition"
LR_B1_022,Logical Reasoning,Flaw,2,N/A,"Since every brick in this wall is incredibly light, the wall itself must be easily lifted.",Assumes light bricks are cheap.,Attacks the bricklayer.,Confuses the properties of individual components with the property of the assembled unit.,Assumes the wall is small.,Relies on circular reasoning.,C,Another fallacy of composition; many light things combined become heavy.,Incorrect. Cost is out of scope.,Incorrect. No attack is made.,Correct. Identifies the part-to-whole flaw correctly.,Incorrect. The size is not the core logical error.,Incorrect. The premise and conclusion are distinct.,custom_gemini_generated,"flaw, composition"
LR_B1_023,Logical Reasoning,Flaw,2,N/A,"You cannot prove that ghosts do not exist. Therefore, ghosts must exist.",Confuses a lack of evidence against a claim as definitive evidence for it.,Assumes ghosts are scary.,Attacks skeptics personally.,Relies on scientific data inappropriately.,Assumes all spirits are ghosts.,A,This is an argument from ignorance fallacy.,Correct. Identifies the appeal to ignorance flaw.,Incorrect. Fear is not mentioned.,Incorrect. No personal attack exists.,Incorrect. No science is referenced.,Incorrect. Definitions of spirits are out of scope.,custom_gemini_generated,"flaw, ignorance"
LR_B1_024,Logical Reasoning,Flaw,2,N/A,"The new manager was rude to me on his first day. Clearly, he is a terrible person who will ruin the company.",Assumes the manager is highly paid.,Draws a sweeping conclusion about character and future performance from a single isolated incident.,Attacks the manager's appearance.,Confuses cause and effect.,Assumes the company is successful.,B,This represents a hasty generalization based on a small sample size.,Incorrect. Salary is irrelevant.,Correct. Identifies the hasty generalization flaw.,Incorrect. Appearance isn't mentioned.,Incorrect. No causal relationship is mixed up here.,Incorrect. The company's current status is unstated.,custom_gemini_generated,"flaw, generalization"
LR_B1_025,Logical Reasoning,Flaw,2,N/A,"Either we cut all funding to the arts, or the city will go bankrupt immediately.",Presents a false dilemma by ignoring other potential budget solutions.,Assumes art is unimportant.,Attacks artists.,Confuses sufficient and necessary conditions.,Assumes bankruptcy is bad.,A,The argument ignores middle ground options or other areas to cut funding.,Correct. Identifies the false dichotomy flaw.,"Incorrect. The argument is about money, not intrinsic importance.",Incorrect. No ad hominem attack.,"Incorrect. The logic is a binary choice, not a conditional mix-up.","Incorrect. Bankruptcy being bad is universally accepted, not the logical flaw.",custom_gemini_generated,"flaw, dichotomy"
LR_B1_026,Logical Reasoning,Flaw,2,N/A,"Professor Smith argues that we should invest in solar energy. But Smith was recently fired for plagiarism, so his argument is worthless.",Assumes solar energy is cheap.,Attacks the person making the argument rather than the merits of the argument itself.,Confuses solar with wind energy.,Assumes plagiarism is legal.,Relies on outdated statistics.,B,This is a textbook ad hominem fallacy.,Incorrect. Cost of energy is out of scope.,Correct. Accurately identifies the ad hominem flaw.,Incorrect. Wind energy is not mentioned.,Incorrect. Legality is irrelevant to the logical structure.,Incorrect. No statistics are used.,custom_gemini_generated,"flaw, ad_hominem"
LR_B1_027,Logical Reasoning,Flaw,2,N/A,"Everyone knows that watching too much television rots your brain, so it must be true.",Relies on popular opinion rather than factual evidence to support a claim.,Assumes television is expensive.,Attacks television producers.,Confuses a cause with an effect.,Assumes reading is better.,A,This is an appeal to popularity (ad populum) fallacy.,Correct. Identifies the appeal to majority flaw.,Incorrect. Cost is not discussed.,Incorrect. Producers are not mentioned.,"Incorrect. No causal mix-up, just poor evidence.",Incorrect. Reading is not discussed.,custom_gemini_generated,"flaw, popularity"
LR_B1_028,Logical Reasoning,Flaw,2,N/A,"We must strictly regulate AI, because if we don't, robots will take all jobs, leading to mass poverty, and eventually the end of human civilization.",Assumes AI is currently advanced.,Engages in a slippery slope fallacy without justifying the inevitable progression of these extreme events.,Confuses AI with simple software.,Attacks technologists.,Assumes poverty can be solved.,B,"The argument jumps from a lack of regulation to extreme, unsupported consequences.",Incorrect. Current advancement is not the logical leap.,Correct. Accurately identifies the slippery slope flaw.,Incorrect. Definitions are not the core issue.,Incorrect. No ad hominem is present.,Incorrect. Poverty solutions are out of scope.,custom_gemini_generated,"flaw, slippery_slope"
LR_B1_029,Logical Reasoning,Assumption,2,N/A,The restaurant's new menu will definitely attract more customers because it features a wide variety of spicy dishes.,The restaurant is located in a busy area.,Spicy food is currently cheap to source.,There is a significant customer base that desires and will seek out spicy dishes.,The old menu had no spicy dishes.,The chef is highly trained.,C,The argument only works if people actually want the spicy food being offered.,Incorrect. Location helps but isn't the core assumption linking menu to customers.,"Incorrect. Sourcing cost affects profit, not customer attraction.",Correct. Identifies the necessary link between the menu change and customer increase.,"Incorrect. The old menu could have had some, just not a 'wide variety'.",Incorrect. Chef training is tangential.,custom_gemini_generated,"assumption, causal"
LR_B1_030,Logical Reasoning,Assumption,2,N/A,"To reduce crime, the city should install more streetlights. Well-lit areas have lower crime rates.",Criminals are afraid of the dark.,Streetlights are easy to install.,The lower crime rate in well-lit areas is actually due to the lighting and not some other factor like higher police presence.,Electricity is affordable for the city.,Crime only happens at night.,C,The argument assumes the correlation between light and low crime is a causal relationship.,"Incorrect. While related, it's a generalization not strictly necessary for the argument.",Incorrect. Installation difficulty is irrelevant.,Correct. Identifies the assumption that correlation equals causation.,"Incorrect. Budget is a practical issue, not a logical assumption of the plan's efficacy.",Incorrect. Crime can happen during the day; the plan just aims to reduce overall crime.,custom_gemini_generated,"assumption, causation"
LR_B1_031,Logical Reasoning,Assumption,2,N/A,"Because the new car model is lighter, it will be much faster than the old model.",The new model has an engine with at least equal power to the old model.,The new model is more aerodynamic.,Lighter cars are always safer.,The old model was exceptionally slow.,The new model comes in red.,A,"If the new car is lighter but has a significantly weaker engine, it might not be faster.",Correct. Eliminates a variable that could ruin the conclusion.,"Incorrect. Aerodynamics would help, but engine power is the primary unstated necessary condition.",Incorrect. Safety is out of scope.,"Incorrect. The old model's baseline speed doesn't matter, only the relative speed.",Incorrect. Color is irrelevant.,custom_gemini_generated,"assumption, missing_variable"
LR_B1_032,Logical Reasoning,Main Point,2,N/A,"Many believe that standardizing tests improves education. However, standardizing tests forces teachers to narrow their curriculum to focus only on test material, stifling creativity. Therefore, such tests actually harm the educational process.",Standardized tests improve education.,Teachers lack creativity.,Standardized tests harm the educational process by narrowing the curriculum.,Testing is a modern invention.,Education should be entirely free.,C,"The argument introduces a common view, refutes it with a premise, and delivers a clear conclusion.",Incorrect. This is the view the author argues against.,"Incorrect. The author says tests stifle creativity, not that teachers lack it inherently.",Correct. Accurately summarizes the final conclusion.,Incorrect. Out of scope.,Incorrect. Cost is not discussed.,custom_gemini_generated,"main_point, education"
LR_B1_033,Logical Reasoning,Main Point,2,N/A,"While some companies mandate return-to-office policies to boost collaboration, remote work actually increases productivity and employee retention. Ultimately, strict office mandates are counterproductive for modern businesses.",Collaboration is unimportant.,Remote work increases productivity and retention.,Strict office mandates are counterproductive for modern businesses.,Companies should pay higher salaries.,Modern businesses are failing.,C,The final sentence clearly states the author's primary conclusion derived from the premises.,"Incorrect. The author doesn't say it's unimportant, just that mandates are the wrong tool.","Incorrect. This is a premise supporting the main point, not the main point itself.",Correct. Identifies the core conclusion of the argument.,Incorrect. Salaries are out of scope.,Incorrect. Not supported by the text.,custom_gemini_generated,"main_point, business"
LR_B1_034,Logical Reasoning,Main Point,2,N/A,"Dietary supplements are entirely unregulated. Consequently, consumers have no guarantee that a supplement contains the ingredients listed on its label. It is vital that the government step in to oversee this industry.",Supplements are unregulated.,Consumers have no ingredient guarantees.,The government must oversee the dietary supplement industry.,Supplements are dangerous.,Most labels are accurate.,C,The first two sentences are premises establishing a problem; the final sentence is the proposed solution/conclusion.,Incorrect. This is a premise.,Incorrect. This is a premise.,Correct. Captures the author's call to action and main conclusion.,Incorrect. Danger is implied but not stated as the main point.,Incorrect. Contradicts the tone of the stimulus.,custom_gemini_generated,"main_point, policy"
LR_B1_035,Logical Reasoning,Paradox,2,N/A,"Despite a massive advertising campaign that reached millions and favorable reviews, sales of the new smartphone dropped by 20% in its first month.","The new smartphone is significantly more expensive than competitors' models, putting it out of reach for most consumers.",The advertising campaign was very colorful.,The favorable reviews were written by tech experts.,Smartphones are very popular.,The company's CEO resigned last year.,A,Resolves the paradox by explaining why high awareness and good reviews didn't translate to sales.,Correct. Provides a reason (price barrier) that overrides good marketing.,Incorrect. Doesn't explain the drop in sales.,Incorrect. Doesn't explain the lack of sales.,Incorrect. Deepens the paradox.,Incorrect. Irrelevant to immediate product sales.,custom_gemini_generated,"paradox, business"
LR_B1_036,Logical Reasoning,Flaw,3,N/A,"People who regularly drink diet soda are more likely to be overweight than those who do not. Therefore, the artificial sweeteners in diet soda must cause weight gain.",Assumes diet soda tastes good.,"Fails to consider that being overweight might cause people to choose diet soda, reversing the causal direction.",Attacks diet soda manufacturers.,Confuses diet soda with regular soda.,Assumes weight gain is unhealthy.,B,The argument observes a correlation but leaps to a specific causal direction without ruling out the reverse.,Incorrect. Taste is irrelevant.,Correct. Accurately identifies the reverse causation flaw.,Incorrect. No corporate attack is made.,Incorrect. The stimulus strictly discusses diet soda.,Incorrect. Health implications are not the logical error here.,custom_gemini_generated,"flaw, reverse_causation"
LR_B1_037,Logical Reasoning,Flaw,3,N/A,"The survey shows 80% of respondents oppose the new highway. Clearly, the entire city is against the project.",Assumes the highway is expensive.,Takes a sample that may be unrepresentative and applies its findings to the whole population.,Confuses highways with local roads.,Assumes surveys are always correct.,Relies on emotional language.,B,The stimulus commits a sampling flaw by jumping from 'respondents' to 'the entire city' without establishing representation.,Incorrect. Cost is out of scope.,Correct. Identifies the unrepresentative sample flaw.,Incorrect. Road types are not the issue.,"Incorrect. It assumes the survey applies to everyone, not that its internal math is perfect.",Incorrect. The language is neutral.,custom_gemini_generated,"flaw, sampling"
LR_B1_038,Logical Reasoning,Assumption,3,N/A,"To write a great novel, an author must experience deep suffering. John has had a very comfortable life, so his new book will be mediocre.",Great novels are always long.,A book cannot be great without the author having experienced deep suffering.,John is a bad typist.,Suffering is the only topic of great novels.,Mediocre books sell well.,B,The argument assumes suffering is a necessary condition for greatness.,Incorrect. Length is not discussed.,Correct. Identifies the necessary condition assumed by the argument.,Incorrect. Typing skill is irrelevant.,"Incorrect. The topic isn't restricted, only the author's background.",Incorrect. Sales are out of scope.,custom_gemini_generated,"assumption, necessary_condition"
LR_B1_039,Logical Reasoning,Assumption,3,N/A,"The company's profits will rise next quarter because they have just launched a new, innovative product line.",Innovation is easy.,"Competitors will not immediately release an identical, cheaper product.",Profits have been low recently.,The new product line is a software product.,The CEO expects a bonus.,B,"The conclusion relies on the new product succeeding, which assumes competitors won't instantly neutralize it.",Incorrect. Difficulty of innovation is irrelevant.,Correct. Eliminates an external factor that would ruin the profit prediction.,Incorrect. Past profits don't dictate future rises.,Incorrect. The type of product is not logically necessary.,Incorrect. Executive compensation is out of scope.,custom_gemini_generated,"assumption, defender"
LR_B1_040,Logical Reasoning,Weaken,3,N/A,The city's water quality must be improving because the number of complaints filed about tap water has decreased by 50% this year.,"The city recently introduced a complicated, hard-to-find online system for filing water complaints, replacing the old phone hotline.",Water quality testing is expensive.,Many people drink bottled water.,The city has a small population.,The mayor promised better water last year.,A,"If the reporting system became much harder to use, the drop in complaints is due to friction, not improved water.",Correct. Provides an alternative cause for the drop in complaints.,Incorrect. Testing cost doesn't explain the complaint drop.,"Incorrect. While true, doesn't explain the sudden year-over-year change.",Incorrect. Population size doesn't explain the percentage drop.,Incorrect. A political promise doesn't explain the data metric.,custom_gemini_generated,"weaken, alternative_cause"
LR_B1_041,Logical Reasoning,Strengthen,3,N/A,"Children who play musical instruments demonstrate better mathematical abilities. Thus, musical training enhances mathematical reasoning.",Musical instruments are costly.,Children who play instruments and those who do not have identical socioeconomic backgrounds and baseline IQs in these studies.,Math is a difficult subject.,Many professional musicians are poor at math.,Schools are cutting music programs.,B,"By ruling out confounding variables like wealth or natural intelligence, the causal link is strengthened.",Incorrect. Cost is irrelevant.,Correct. Eliminates alternative explanations for the correlation.,Incorrect. Difficulty is irrelevant.,Incorrect. This would actually weaken the argument.,Incorrect. Policy trends are out of scope.,custom_gemini_generated,"strengthen, eliminate_alternatives"
LR_B1_042,Logical Reasoning,Paradox,3,N/A,"The new hybrid car gets significantly better gas mileage than traditional cars. Yet, buyers of this hybrid end up spending more on gasoline per month than buyers of traditional cars.","Buyers of the hybrid car tend to commute much longer distances, driving nearly three times as many miles per month.",Hybrid cars have smaller gas tanks.,Traditional cars are cheaper to insure.,Gasoline prices have risen slightly.,Hybrid cars require specialized mechanics.,A,Explains how better efficiency can still result in higher total cost if the usage volume is massively higher.,Correct. Resolves the math paradox by introducing a higher multiplier (distance).,"Incorrect. Tank size affects fill-up frequency, not total gas spent.",Incorrect. Insurance is a different cost category.,Incorrect. Price rises affect both cars equally.,Incorrect. Maintenance is a different cost category.,custom_gemini_generated,"paradox, math"
LR_B1_043,Logical Reasoning,Principle,3,N/A,Situation: A doctor lies to a patient about the severity of a terminal illness to prevent the patient from falling into a severe depression.,Lying is acceptable if it generates a financial benefit.,Medical professionals must never lie under any circumstances.,It is justifiable to deceive someone if doing so protects them from immediate emotional harm.,Patients have a right to their medical records.,Depression is difficult to treat.,C,"The doctor prioritizes emotional protection over truth, aligning perfectly with this principle.",Incorrect. No financial benefit is mentioned.,Incorrect. This contradicts the doctor's action.,Correct. Matches the justification used in the stimulus.,Incorrect. Out of scope regarding the act of lying.,"Incorrect. Factual statement, not a guiding principle.",custom_gemini_generated,"principle, ethics"
LR_B1_044,Logical Reasoning,Parallel,3,N/A,"If it snows, the flight will be delayed. It is snowing, so the flight will be delayed.","If I study, I will pass. I passed, so I must have studied.","If the chef adds salt, the soup will be salty. The soup is salty, so he added salt.","If the dog barks, the mail carrier is here. The dog is barking, so the mail carrier is here.","If it rains, I bring an umbrella. I didn't bring an umbrella, so it's not raining.","If the car is out of gas, it won't start. The car won't start.",C,The stimulus is a valid Modus Ponens argument (A -> B; A; therefore B). Choice C perfectly matches this structure.,Incorrect. Flawed reverse logic (A -> B; B; therefore A).,Incorrect. Flawed reverse logic (A -> B; B; therefore A).,Correct. Matches A -> B; A; therefore B.,"Incorrect. Valid Modus Tollens, but not matching structure.","Incorrect. Incomplete thought, and hints at reverse logic.",custom_gemini_generated,"parallel, valid"
LR_B1_045,Logical Reasoning,Parallel Flaw,3,N/A,"If you are a professional athlete, you are wealthy. Since Mark is wealthy, he must be a professional athlete.","If a shape is a square, it has four sides. Since it has four sides, it is a square.","If you eat vegetables, you will be healthy. You eat vegetables, so you are healthy.","If the battery is dead, the phone won't turn on. The battery is not dead, so it will turn on.","If it is a dog, it is a mammal. It is a dog, so it is a mammal.","If the alarm rings, wake up. The alarm rang.",A,The stimulus commits the fallacy of affirming the consequent (A -> B; B; therefore A).,Correct. Matches the flawed A -> B; B; therefore A structure.,Incorrect. Valid Modus Ponens.,Incorrect. Fallacy of denying the antecedent.,Incorrect. Valid Modus Ponens.,Incorrect. Not a complete logical argument.,custom_gemini_generated,"parallel_flaw, formal"
LR_B1_046,Logical Reasoning,Flaw,3,N/A,"The meteorologist predicted rain today, but it is sunny. Therefore, meteorology is a completely useless science and we should never listen to weather forecasts.",Assumes sun is better than rain.,Draws an extreme conclusion about an entire field based on a single failed prediction.,Confuses meteorology with astrology.,Attacks the meteorologist personally.,Assumes forecasts are always right.,B,The argument takes one instance of error and expands it to a total invalidation of the field.,Incorrect. Weather preference is irrelevant.,Correct. Identifies the sweeping generalization based on an isolated failure.,Incorrect. No comparison to astrology is made.,"Incorrect. Attacks the science, not the person.",Incorrect. The stimulus relies on a forecast being wrong.,custom_gemini_generated,"flaw, extreme_conclusion"
LR_B1_047,Logical Reasoning,Strengthen,3,N/A,"The ancient ruins must have been built by civilization X, because the pottery shards found there match the unique style of civilization X.",Civilization Y also used that exact pottery style.,The ruins are located near a river.,Radiocarbon dating confirms the ruins date to the exact century civilization X dominated the region.,Pottery is fragile.,Civilization X was known for agriculture.,C,"Provides independent, corroborating evidence (temporal alignment) that supports the claim.",Incorrect. This would weaken the argument.,Incorrect. Irrelevant geographical fact.,Correct. Adds independent scientific evidence supporting the hypothesis.,Incorrect. Irrelevant material fact.,Incorrect. Irrelevant historical fact.,custom_gemini_generated,"strengthen, independent_evidence"
LR_B1_048,Logical Reasoning,Weaken,3,N/A,"To boost local retail, the town should lower commercial property taxes. Lower costs will allow stores to drop prices, attracting more shoppers.",Shoppers prioritize store location over slight price differences.,Property taxes are currently high.,Retail is a difficult business.,Online shopping is popular.,Taxes fund town services.,A,"If shoppers don't care about the price drop, the entire causal chain fails.",Correct. Severs the link between lower prices and increased foot traffic.,Incorrect. Strengthens the premise that action is needed.,Incorrect. Too vague to weaken the specific plan.,"Incorrect. While true, doesn't address the specific mechanism of the tax plan.","Incorrect. True, but addresses side effects, not whether the plan will boost retail.",custom_gemini_generated,"weaken, causal_chain"
LR_B1_049,Logical Reasoning,Assumption,3,N/A,"The new allergy medication is superior to the old one because it causes drowsiness in only 5% of patients, compared to 20% for the old medication.",Drowsiness is the only side effect patients care about.,The new medication is at least as effective at treating allergies as the old one.,The new medication is cheaper.,Allergies are increasing globally.,The old medication tastes bad.,B,"If the new medicine doesn't actually treat allergies, its lack of side effects doesn't make it 'superior' overall.","Incorrect. It's an assumption, but a weaker one than basic efficacy.",Correct. The claim of superiority requires assuming the primary function (allergy relief) is still met.,Incorrect. Cost is out of scope.,Incorrect. Global trends are irrelevant.,Incorrect. Taste is irrelevant.,custom_gemini_generated,"assumption, baseline"
LR_B1_050,Logical Reasoning,Flaw,3,N/A,"Since building the new stadium will create construction jobs, the city's overall unemployment rate is guaranteed to drop to zero.",Assumes construction jobs are permanent.,"Exaggerates the impact of a single project, assuming it will solve a complex, multi-variable economic issue entirely.",Confuses construction with manufacturing.,Attacks the unemployed.,Assumes the stadium is expensive.,B,"The stimulus commits a magnitude flaw, leaping from a localized benefit to a total systemic solution.","Incorrect. Permanence is an issue, but 'drop to zero' is the primary flaw.",Correct. Identifies the gross exaggeration of effect.,Incorrect. Job types aren't confused.,Incorrect. No ad hominem.,Incorrect. Cost is not discussed.,custom_gemini_generated,"flaw, magnitude"
RC_B1_001,Reading Comprehension,Main Point,3,"The traditional view of the Industrial Revolution emphasizes the suddenness of technological change. However, recent historians argue that this period was actually a slow, gradual evolution of existing artisanal practices rather than an abrupt break from the past. Thus, 'revolution' is a misnomer.",N/A,The Industrial Revolution was incredibly sudden.,Artisanal practices were entirely wiped out by machines.,The term 'revolution' inaccurately describes what was actually a gradual evolution of industrial practices.,Historians agree on the timeline of industrialization.,Technology is the most important historical factor.,C,The passage contrasts a traditional view with a new one and concludes that the traditional label is inaccurate.,Incorrect. This is the traditional view the author rejects.,"Incorrect. The author states artisanal practices evolved, not disappeared.",Correct. Accurately states the main conclusion.,Incorrect. The passage shows historians disagreeing.,Incorrect. Out of scope.,custom_gemini_generated,"rc, history, main_point"
RC_B1_002,Reading Comprehension,Inference,3,"While Mars is often considered the most likely candidate for human colonization due to its proximity, its lack of a magnetosphere means surface radiation levels are lethal. Consequently, underground habitats would be an absolute necessity for any long-term settlement.",N/A,Mars has a thick atmosphere.,Humans can survive on the Martian surface with heavy coats.,Any future long-term Martian colony will not be built entirely on the planet's surface.,Venus is a better candidate for colonization.,Radiation shielding is inexpensive.,C,"Because surface radiation is lethal and underground habitats are a necessity, colonies cannot be purely on the surface.",Incorrect. Atmosphere thickness is not mentioned.,Incorrect. Contradicts the text which says radiation is lethal.,Correct. Valid logical deduction from the premises.,Incorrect. Venus is not mentioned.,Incorrect. Cost is not mentioned.,custom_gemini_generated,"rc, science, inference"
RC_B1_003,Reading Comprehension,Detail,3,"The symphony, completed in 1824, broke from classical traditions by incorporating a full choir in its final movement. Critics at the time were polarized; some hailed it as a masterpiece of emotional expression, while others condemned it as chaotic noise.",N/A,The symphony was universally praised.,The symphony used a choir in its first movement.,The symphony included a choir in its final movement.,The symphony strictly followed classical traditions.,The symphony was never performed.,C,The text explicitly states the choir was incorporated in the final movement.,Incorrect. Text says critics were polarized.,Incorrect. Text says final movement.,Correct. Directly retrieves a stated fact.,Incorrect. Text says it broke from traditions.,Incorrect. Not supported by text.,custom_gemini_generated,"rc, arts, detail"
RC_B1_004,Reading Comprehension,Tone,3,"Despite the CEO's glowing description of the merger as a 'synergistic triumph,' the reality is starkly different. Massive layoffs, plummeted stock prices, and a hostile corporate culture have laid bare the disastrous consequences of this ill-advised union.",N/A,Enthusiastic.,Highly critical.,Neutral and objective.,Cautiously optimistic.,Indifferent.,B,"The author uses strong negative words like 'disastrous', 'ill-advised', and 'starkly different' to condemn the merger.","Incorrect. The CEO is enthusiastic, the author is not.",Correct. Accurately reflects the author's strong condemnation.,Incorrect. The language is highly opinionated.,Incorrect. There is no optimism here.,Incorrect. The author clearly cares enough to criticize.,custom_gemini_generated,"rc, business, tone"
RC_B1_005,Reading Comprehension,Function,3,"In examining the behavior of ants, scientists noted that foraging patterns shift during rainfall. [This suggests that environmental humidity is a primary trigger for specific chemical signaling among the workers.] Further experiments confirmed that dry conditions suppressed this signaling entirely.",N/A,To introduce the main topic of ant species.,To provide a hypothesis that explains the observed behavioral shift.,To conclude the passage with a definitive rule.,To criticize previous scientific methods.,To offer an irrelevant anecdote.,B,The bracketed sentence takes an observation and posits a mechanism (humidity triggering signals) to explain it.,Incorrect. The topic is introduced in the previous sentence.,Correct. Identifies the sentence as an explanatory hypothesis.,Incorrect. The conclusion/confirmation comes in the next sentence.,Incorrect. No criticism is present.,Incorrect. It is central to the passage's logic.,custom_gemini_generated,"rc, science, function"
RC_B1_006,Reading Comprehension,Main Point,3,"Legal scholars debate the strict interpretation of the Constitution. Textualists argue for adhering solely to the written words, while intentionalists argue we must consider the framers' original goals. Given the ambiguity of 18th-century language, a purely textual approach often leads to contradictory rulings, making intentionalism necessary.",N/A,Textualism is the only valid legal theory.,"Intentionalism relies on the framers' goals, making it the necessary approach due to linguistic ambiguity.",The Constitution should be rewritten.,18th-century language is easy to understand.,Judges always agree on rulings.,B,"The author presents two views, criticizes the first, and concludes the second is necessary.",Incorrect. The author argues against textualism.,Correct. Accurately summarizes the author's core argument.,Incorrect. Out of scope.,Incorrect. The text says it is ambiguous.,Incorrect. The text mentions debate and contradictory rulings.,custom_gemini_generated,"rc, law, main_point"
RC_B1_007,Reading Comprehension,Strengthen,3,"The decline of the local newspaper has led to increased political corruption in small towns. Without journalists to monitor local government meetings and review public records, town officials operate without accountability.",N/A,National news outlets have seen increased viewership.,"In towns that recently lost their newspaper, instances of embezzlement by officials spiked by 40%.",Local newspapers often struggled with funding.,Citizens can attend government meetings themselves.,Social media spreads rumors quickly.,B,Provides concrete data linking the loss of the newspaper to an actual increase in corruption.,Incorrect. Irrelevant to local corruption.,Correct. Bolsters the causal claim with empirical evidence.,"Incorrect. Explains why they closed, but doesn't strengthen the effect of the closure.",Incorrect. Weakens the argument by suggesting an alternative accountability mechanism.,Incorrect. Irrelevant to the specific mechanism of journalistic oversight.,custom_gemini_generated,"rc, society, strengthen"
RC_B1_008,Reading Comprehension,Inference,3,"Medieval alchemy is often dismissed as pseudo-science, a foolish quest to turn lead into gold. However, alchemists developed precise distillation techniques, laboratory equipment, and chemical classifications that laid the direct groundwork for modern chemistry.",N/A,Modern chemists still try to turn lead into gold.,Alchemy was entirely a waste of time.,Modern chemistry owes some of its foundational methodologies to alchemical practices.,Medieval alchemists successfully created gold.,Distillation was invented in the 20th century.,C,The text states alchemy laid the groundwork for modern chemistry via precise techniques.,Incorrect. Unsupported by text.,Incorrect. Contradicts the author's point that they contributed to chemistry.,Correct. Valid inference from the text's final clause.,Incorrect. Text implies this was a 'foolish quest'.,Incorrect. Text says medieval alchemists developed it.,custom_gemini_generated,"rc, history, inference"
RC_B1_009,Reading Comprehension,Detail,3,"The newly discovered exoplanet, Kepler-186f, is notable because it orbits its star within the habitable zone, where liquid water could exist. It is roughly 10% larger than Earth and orbits a red dwarf star.",N/A,Kepler-186f is much smaller than Earth.,Kepler-186f orbits a blue giant star.,Kepler-186f is notable for orbiting within its star's habitable zone.,Kepler-186f is entirely covered in ice.,Kepler-186f has intelligent life.,C,The passage explicitly states it is notable because it orbits in the habitable zone.,Incorrect. Text says it is 10% larger.,Incorrect. Text says red dwarf.,Correct. Direct retrieval of a stated detail.,Incorrect. Not supported by text.,Incorrect. Not supported by text.,custom_gemini_generated,"rc, space, detail"
RC_B1_010,Reading Comprehension,Weaken,3,"Proponents of the new tax plan argue it will stimulate the economy by giving corporations more cash to hire workers. However, history shows that corporations typically use such tax windfalls for stock buybacks rather than job creation.",N/A,Stock buybacks are illegal.,Corporations always prioritize workers.,Recent data shows the current tax plan explicitly mandates that 80% of saved funds be used directly for payroll expansion.,The economy is already strong.,Taxes are too high.,C,"If the plan legally forces job creation, history (which lacked this mandate) becomes irrelevant, weakening the author's counter-argument.",Incorrect. Out of scope and factually dubious.,Incorrect. Contradicts the text's historical claim.,Correct. Introduces a new rule that breaks the author's historical analogy.,Incorrect. Doesn't address the specific effect of the tax plan.,Incorrect. Out of scope opinion.,custom_gemini_generated,"rc, economy, weaken"
RC_B1_011,Reading Comprehension,Main Point,3,"While caffeine is widely consumed for its stimulant properties, excessive intake can lead to anxiety, insomnia, and heart palpitations. Therefore, consumers must treat caffeine as a potent drug and strictly moderate their daily intake to avoid adverse health effects.",N/A,Caffeine has no benefits.,Caffeine causes insomnia in everyone.,Consumers should regulate their caffeine intake because excessive amounts can cause negative health effects.,Caffeine should be made illegal.,Anxiety is a common modern condition.,C,The passage lists side effects to support the conclusion that intake must be moderated.,Incorrect. The text admits it is a stimulant.,Incorrect. Too extreme; says 'can lead to'.,Correct. Perfectly summarizes the premises and conclusion.,"Incorrect. The text argues for moderation, not prohibition.",Incorrect. Broad statement not capturing the main point.,custom_gemini_generated,"rc, health, main_point"
RC_B1_012,Reading Comprehension,Inference,3,"The Impressionist painters faced severe backlash from the traditional French Academy. The Academy favored realistic historical scenes with invisible brushstrokes, whereas the Impressionists painted modern life using visible, rapid strokes to capture transient light.",N/A,The French Academy admired the Impressionists.,The Impressionists exclusively painted historical scenes.,The French Academy likely criticized the Impressionists' use of visible brushstrokes.,Impressionism was immediately popular.,The Academy painters painted very quickly.,C,"Since the Academy favored invisible strokes and the Impressionists used visible ones, it's highly likely this was a point of criticism.",Incorrect. Text says they faced severe backlash.,Incorrect. Text says they painted modern life.,Correct. A valid logical deduction based on the contrasting styles.,Incorrect. Text says they faced backlash.,Incorrect. Implied they painted slowly to hide strokes.,custom_gemini_generated,"rc, arts, inference"
RC_B1_013,Reading Comprehension,Function,3,"Early computers used vacuum tubes, which were bulky and generated immense heat. [The invention of the transistor in 1947 revolutionized the field], replacing tubes with small, cool, solid-state components that allowed for the miniaturization of electronics.",N/A,To introduce a problem.,To describe a historical setback.,To mark the turning point in technological development that solved a previous limitation.,To conclude the passage.,To define what a vacuum tube is.,C,The bracketed text transitions from the problem (bulky tubes) to the solution that enabled miniaturization.,Incorrect. The problem is in the first sentence.,"Incorrect. It describes a breakthrough, not a setback.",Correct. Accurately describes the sentence's structural role.,Incorrect. It's the middle of the thought.,Incorrect. It introduces the transistor.,custom_gemini_generated,"rc, technology, function"
RC_B1_014,Reading Comprehension,Detail,3,"Deep sea hydrothermal vents host ecosystems that do not rely on sunlight. Instead, bacteria perform chemosynthesis, converting toxic hydrogen sulfide from the vents into usable organic energy, forming the base of a complex food web.",N/A,Hydrothermal vent ecosystems rely primarily on sunlight.,Bacteria at hydrothermal vents perform photosynthesis.,Bacteria at these vents use hydrogen sulfide for chemosynthesis.,The vents are located in shallow waters.,No complex life exists near the vents.,C,The passage explicitly states bacteria convert hydrogen sulfide via chemosynthesis.,Incorrect. Text says they do not rely on sunlight.,Incorrect. Text says chemosynthesis.,Correct. Directly matches the text.,Incorrect. Text says deep sea.,Incorrect. Text says they form the base of a complex food web.,custom_gemini_generated,"rc, science, detail"
RC_B1_015,Reading Comprehension,Tone,3,The author's latest novel is a tedious slog through self-indulgent prose. Every chapter is bogged down by meandering philosophical tangents that do nothing to advance the utterly nonexistent plot. It is a spectacular failure of editing.,N/A,Effusive praise.,Objective analysis.,Harshly critical.,Mildly disappointed.,Humorous.,C,"The use of words like 'tedious slog', 'self-indulgent', and 'spectacular failure' indicates extreme negativity.",Incorrect. The passage is entirely negative.,Incorrect. The language is highly subjective and emotional.,Correct. Accurately reflects the brutal review.,Incorrect. It is far stronger than mild disappointment.,"Incorrect. There is no humor, only attack.",custom_gemini_generated,"rc, literature, tone"
RC_B1_016,Reading Comprehension,Main Point,3,"Urban sprawl leads to increased car dependency, which in turn elevates carbon emissions. To combat climate change effectively, city planners must prioritize high-density zoning and robust public transit networks to reduce the need for personal vehicles.",N/A,Urban sprawl is caused by cars.,Climate change cannot be stopped.,"To fight climate change, cities must adopt zoning and transit policies that reduce car dependency.",Public transit is expensive to build.,High-density zoning is unpopular.,C,"The first sentence states the problem; the second provides the prescriptive solution, which is the main point.","Incorrect. Cars are a symptom/result of sprawl, not the cause.","Incorrect. The passage offers a solution, implying it can be fought.",Correct. Summarizes the author's proposed solution to the stated problem.,Incorrect. Cost is not discussed.,Incorrect. Popularity is not discussed.,custom_gemini_generated,"rc, policy, main_point"
RC_B1_017,Reading Comprehension,Strengthen,3,"Linguistics researchers hypothesize that language shapes perception. For instance, cultures with multiple specific words for different shades of blue can distinguish those shades visually faster than cultures with only one broad word for blue.",N/A,Color blindness affects people universally regardless of language.,Brain scans show that people with expansive color vocabularies process visual color differences in the language centers of the brain.,All languages have a word for black and white.,Learning a new language is difficult for adults.,Blue is a common favorite color globally.,B,Finding that visual processing happens in the language center directly supports the theory that language actively shapes visual perception.,Incorrect. Irrelevant physiological condition.,Correct. Provides neurological evidence backing the hypothesis.,Incorrect. Irrelevant linguistic trivia.,Incorrect. Difficulty of learning is out of scope.,Incorrect. Preferences are out of scope.,custom_gemini_generated,"rc, science, strengthen"
RC_B1_018,Reading Comprehension,Weaken,3,"Some economists argue that raising the minimum wage will destroy small businesses, as payroll costs will exceed revenue. However, this ignores the macroeconomic effect: low-income workers immediately spend wage increases, injecting that money directly back into local businesses.",N/A,Large corporations can easily absorb minimum wage increases.,Workers often save wage increases in long-term offshore accounts rather than spending locally.,Minimum wage laws are difficult to enforce.,Inflation is currently low.,Small business owners work long hours.,B,"If workers save the money instead of spending it locally, the author's macroeconomic defense of the wage hike collapses.",Incorrect. The passage focuses on small businesses.,Correct. directly attacks the author's premise about immediate local spending.,Incorrect. Enforcement is a separate issue from economic impact.,Incorrect. General inflation is out of scope.,Incorrect. Irrelevant personal detail.,custom_gemini_generated,"rc, economy, weaken"
RC_B1_019,Reading Comprehension,Inference,3,"During the Bronze Age, the collapse of intricate trade networks for tin and copper led to the rapid adoption of iron. Though iron was harder to smelt, its ores were widely available locally, freeing societies from fragile international supply chains.",N/A,Iron is softer than bronze.,Bronze requires materials that were often imported via trade networks.,The Bronze Age ended because iron was easier to smelt.,Local supply chains are always fragile.,Societies preferred international trade.,B,"Since the collapse of trade networks for tin and copper caused the shift, those materials must have relied on those networks.","Incorrect. Text implies iron was harder to work, not necessarily softer.",Correct. Logical deduction from the premise about trade networks.,Incorrect. Text explicitly says iron was harder to smelt.,Incorrect. Text says international chains were fragile.,Incorrect. Text implies they adopted iron out of necessity.,custom_gemini_generated,"rc, history, inference"
RC_B1_020,Reading Comprehension,Function,3,The placebo effect is a powerful medical phenomenon. [Patients given inert sugar pills frequently report significant reductions in pain simply because they believe they are receiving real medication.] This highlights the immense power of psychology in physical healing.,N/A,To introduce the main argument.,To provide a concrete example that illustrates the phenomenon discussed.,To offer a counterargument.,To summarize the passage.,To critique modern medicine.,B,"The bracketed sentence describes exactly how the placebo effect works in practice, serving as an illustrative example.",Incorrect. The first sentence is the introduction.,Correct. It illustrates the concept introduced in the previous sentence.,Incorrect. It supports the main point.,Incorrect. The final sentence is the summary/conclusion.,Incorrect. No critique is present.,custom_gemini_generated,"rc, science, function"
RC_B1_021,Reading Comprehension,Main Point,4,"Critics of constitutional originalism assert that 18th-century framers could not have anticipated modern realities like the internet or automatic weapons. However, originalists counter that while specific technologies change, the underlying principles of free speech and self-defense remain static. Thus, originalism is not an archaic straightjacket, but a durable framework capable of accommodating technological shifts by applying timeless principles to new facts.",N/A,Originalism is universally rejected by modern legal scholars.,Originalism is an archaic straightjacket that ignores modern technology.,Originalism remains a viable framework because it applies static constitutional principles to new technological realities.,The framers of the Constitution anticipated the internet.,Free speech only applies to 18th-century technology.,C,"The passage introduces a criticism, provides the originalist rebuttal, and concludes that originalism successfully accommodates new facts.","Incorrect. The passage shows a debate, not universal rejection.","Incorrect. This is the critics' view, which the author ultimately rejects.",Correct. Accurately synthesizes the author's final conclusion defending originalism.,Incorrect. The passage admits they could not anticipate it.,Incorrect. The passage argues the principle remains static despite new tech.,custom_gemini_generated,"rc, law, main_point"
RC_B1_022,Reading Comprehension,Inference,4,"Quantum entanglement presents a profound challenge to classical physics. When two particles are entangled, measuring the state of one instantaneously determines the state of the other, regardless of the distance separating them. This seemingly violates the speed-of-light limit for information transfer established by Einstein’s theory of relativity.",N/A,Einstein's theory of relativity perfectly explains quantum entanglement.,Entangled particles must be kept in close physical proximity to remain entangled.,"According to classical physics based on relativity, instantaneous information transfer across vast distances should be impossible.",Quantum entanglement proves that the speed of light is very slow.,Classical physics has resolved the paradox of entanglement.,C,"The text says entanglement violates the speed-of-light limit set by relativity, implying that under relativity, such instantaneous action shouldn't happen.",Incorrect. The text says it challenges relativity.,Incorrect. The text says 'regardless of distance'.,Correct. A valid deduction from the conflict between entanglement and relativity.,"Incorrect. It doesn't prove light is slow, it implies information might move faster.",Incorrect. The text describes it as a current challenge.,custom_gemini_generated,"rc, science, inference"
RC_B1_023,Reading Comprehension,Function,4,"The transition from nomadic foraging to settled agriculture during the Neolithic Revolution is often hailed as humanity's greatest leap forward. [Yet, bioarchaeological evidence reveals that early farmers suffered from higher rates of malnutrition, dental decay, and infectious diseases compared to their hunter-gatherer ancestors.] This paradox suggests the transition was driven by population pressures rather than an immediate improvement in quality of life.",N/A,To introduce the widely accepted view of the Neolithic Revolution.,To provide empirical evidence that contradicts the traditional positive narrative of agricultural settlement.,To conclude that agriculture was ultimately a mistake.,To explain the mechanism of early dental decay.,To support the idea that life improved during the Neolithic period.,B,The bracketed sentence uses physical evidence to undercut the 'greatest leap forward' narrative.,Incorrect. The first sentence does this.,Correct. Identifies the sentence as a counter-premise based on evidence.,"Incorrect. The passage doesn't say it was a mistake, just driven by pressure.","Incorrect. It states decay happened, but doesn't explain the mechanism.",Incorrect. It explicitly does the opposite.,custom_gemini_generated,"rc, history, function"
RC_B1_024,Reading Comprehension,Weaken,4,"Some sociologists maintain that the proliferation of social media has inherently isolated individuals, reducing the depth of human connection. They point to the decline in in-person community gatherings as proof that digital networking has replaced true socialization.",N/A,People spend an average of three hours a day on social media.,Introverted individuals report feeling more isolated now than ten years ago.,"Recent studies show that individuals who use social media to organize local, niche-interest meetups have larger, more active in-person social circles than non-users.",Social media algorithms prioritize controversial content.,Community gatherings were already declining before the internet was invented.,C,"If social media is used as a tool to facilitate deeper in-person connections, it attacks the premise that digital networking entirely replaces real socialization.",Incorrect. Doesn't address whether that time is isolating.,Incorrect. Strengthens the sociologists' claim.,Correct. Provides evidence of social media enhancing in-person connections.,Incorrect. Irrelevant to the specific argument about isolation.,"Incorrect. Weakens the timeline, but C attacks the core logic directly.",custom_gemini_generated,"rc, sociology, weaken"
RC_B1_025,Reading Comprehension,Strengthen,4,"Biologists studying the spotted owl population note a sharp decline corresponding exactly with the logging of old-growth forests. They conclude the owls depend exclusively on the complex canopy structure of ancient trees for nesting, meaning any logging in these areas guarantees population collapse.",N/A,Spotted owls are capable of flying long distances.,"In areas where old-growth forests were preserved but adjacent younger forests were logged, the spotted owl population remained entirely stable.",Logging companies provide economic benefits to local towns.,The spotted owl's primary prey is also declining.,Other bird species thrive in logged areas.,B,"By isolating the variable (old-growth vs young forest), this shows the owls specifically need the old-growth, ruling out general logging disturbances as the cause.",Incorrect. Irrelevant to nesting requirements.,"Correct. Functions as a control group, strengthening the specific causal link to old-growth.",Incorrect. Economic factors are out of scope.,Incorrect. This would weaken the conclusion by offering an alternative cause (starvation).,Incorrect. Irrelevant to the spotted owl.,custom_gemini_generated,"rc, science, strengthen"
RC_B1_026,Reading Comprehension,Detail,4,"The 19th-century artistic movement known as Realism sought to portray the lives of the working class with unflinching accuracy. Rejecting the idealized subjects of Romanticism, Realist painters focused on mundane scenes of labor, poverty, and ordinary rural life, attempting to elevate these subjects to the status previously reserved for historical and mythological figures.",N/A,Realism focused on painting mythological figures.,Realism attempted to idealize the working class.,Romanticism focused on mundane scenes of labor.,Realist painters sought to elevate ordinary rural life to the status of historical subjects.,Realism was universally rejected in the 19th century.,D,The final sentence explicitly states they attempted to elevate these subjects to the status of historical figures.,Incorrect. Text says they rejected this.,"Incorrect. Text says they portrayed them with unflinching accuracy, not idealization.","Incorrect. Text says Realism did this, rejecting Romanticism.",Correct. Directly matches the text.,Incorrect. Not supported by the text.,custom_gemini_generated,"rc, arts, detail"
RC_B1_027,Reading Comprehension,Tone,4,"The government's proposal to 'streamline' environmental protections is a thinly veiled attempt to gut decades of vital conservation law. By burying severe deregulation within complex bureaucratic jargon, policymakers are actively deceiving the public while handing a blank check to corporate polluters.",N/A,Objective and analytical.,Mildly skeptical.,Scathing and accusatory.,Enthusiastically supportive.,Resigned and defeatist.,C,"The use of terms like 'thinly veiled attempt', 'gut', 'actively deceiving', and 'blank check' shows intense anger and accusation.",Incorrect. The language is highly biased and emotional.,Incorrect. It goes far beyond mild skepticism to direct accusation.,"Correct. Accurately captures the fierce, condemning tone.",Incorrect. The author vehemently opposes the proposal.,"Incorrect. The author is angry, not resigned.",custom_gemini_generated,"rc, policy, tone"
EXP_B1_001,Experimental,Strengthen,4,N/A,"City Planner: Introducing a congestion charge for driving into the city center will reduce traffic. Drivers will switch to public transit to avoid the fee, freeing up the roads.",Public transit fares are currently very high.,A similar congestion charge implemented in a neighboring city resulted in a 30% decrease in downtown traffic volume within six months.,The city center has many parking garages.,Most drivers enjoy driving.,The congestion fee will be collected electronically.,B,Provides a parallel historical example where the proposed plan successfully achieved the stated goal.,"Incorrect. High fares might deter the switch to transit, weakening the argument.",Correct. Empirical evidence from a similar case strongly supports the prediction.,"Incorrect. Availability of parking might encourage driving, weakening the plan.","Incorrect. Enjoyment of driving might make them willing to pay the fee, weakening.",Incorrect. Collection method is an irrelevant administrative detail.,custom_gemini_generated,"strengthen, policy"
EXP_B1_002,Experimental,Weaken,4,N/A,"Dietician: To lower your cholesterol, you should switch from butter to margarine. Margarine is made from vegetable oils, which do not contain dietary cholesterol.",Butter tastes better than margarine.,"Many margarines contain trans fats, which studies show raise cholesterol levels more significantly than the dietary cholesterol found in butter.",Vegetable oils are cheaper to produce than dairy products.,Cholesterol is produced naturally by the liver.,Margarine is easier to spread when cold.,B,"Reveals that while margarine lacks dietary cholesterol, its chemical makeup (trans fats) creates a worse effect on the body's cholesterol levels.",Incorrect. Taste is irrelevant to health outcomes.,Correct. Directly attacks the mechanism of the health claim.,Incorrect. Cost is irrelevant.,"Incorrect. While true, doesn't address the relative impact of butter vs margarine.",Incorrect. Convenience is irrelevant.,custom_gemini_generated,"weaken, health"
EXP_B1_003,Experimental,Flaw,4,N/A,"Politician: The incumbent governor's economic policies are a failure. During her term, unemployment rose by 2%. Therefore, she caused the job losses.",Fails to define what constitutes a healthy unemployment rate.,"Confuses a chronological correlation with a definitive causal relationship, ignoring potential global economic factors.",Attacks the governor's character rather than her policies.,Assumes that the governor wanted unemployment to rise.,Relies on inaccurate statistical data.,B,"This is a classic 'post hoc ergo propter hoc' fallacy, assuming that because X happened during Y's term, Y caused X.",Incorrect. Definition is not the core logical error.,Correct. Accurately identifies the correlation vs. causation flaw.,"Incorrect. The attack is on her policies' results, not her character.",Incorrect. Intent is not assumed in the stimulus.,Incorrect. We must accept the premise data as true; the flaw is in the deduction.,custom_gemini_generated,"flaw, causation"
EXP_B1_004,Experimental,Assumption,4,N/A,"Software Developer: If we optimize the code, the application will run twice as fast. Therefore, users will immediately notice the improved performance.",The application currently runs fast enough for most users.,Optimizing the code will not introduce new bugs.,The current speed of the application is slow enough that a 50% reduction in processing time crosses the threshold of human perception.,Users care more about speed than visual design.,The optimization process will take two weeks.,C,"If the app currently takes 0.002 seconds, making it 0.001 seconds won't be noticed by a human, ruining the conclusion.",Incorrect. Irrelevant to whether they will notice a change.,Incorrect. Bugs are a separate issue from noticing speed.,Correct. Identifies the necessary link between machine speed and human perception.,Incorrect. Preference doesn't dictate perception.,Incorrect. Development time is irrelevant.,custom_gemini_generated,"assumption, threshold"
EXP_B1_005,Experimental,Main Point,4,N/A,"Astronomer: Funding for ground-based optical telescopes should be redirected to space-based observatories. Atmospheric distortion fundamentally limits the clarity of ground telescopes, a physical barrier that no technological upgrade can fully overcome. Space observatories bypass this completely.",Ground-based telescopes are inexpensive to maintain.,Atmospheric distortion limits the clarity of telescopes.,Space-based observatories are immune to atmospheric distortion.,Funding should be shifted from ground-based to space-based observatories because space observatories avoid insurmountable atmospheric limitations.,Telescope technology is rapidly advancing.,D,The premises establish the limitations of ground and advantages of space to support the policy recommendation of shifting funds.,Incorrect. Cost is not discussed.,Incorrect. This is a premise.,Incorrect. This is a premise.,Correct. Captures the primary conclusion and its core reasoning.,Incorrect. The text argues that upgrades can't overcome the physical barrier.,custom_gemini_generated,"main_point, science"
EXP_B1_006,Experimental,Parallel,4,N/A,"If a building is historically significant, it cannot be demolished. The old library is historically significant, so it cannot be demolished.","If it rains, the grass is wet. The grass is wet, so it rained.","If a student passes the final, they graduate. Mark passed the final, so he will graduate.","If you are a doctor, you must be licensed. Sarah is licensed, so she is a doctor.","If the temperature drops below freezing, water turns to ice. The water is ice, so the temperature dropped.","If a movie is rated R, children need a parent. Children need a parent, so it's rated R.",B,The stimulus is a valid Modus Ponens (A -> B; A; therefore B). Choice B follows this exact logical structure.,Incorrect. Flawed reverse logic.,Correct. Valid Modus Ponens structure.,Incorrect. Flawed reverse logic.,Incorrect. Flawed reverse logic.,Incorrect. Flawed reverse logic.,custom_gemini_generated,"parallel, formal"
EXP_B1_007,Experimental,Flaw,4,N/A,"Manager: We surveyed our top-performing employees, and 90% of them prefer working early in the morning. Therefore, if we force all employees to work early morning shifts, overall company performance will skyrocket.",Assumes that early mornings are cold.,"Fails to consider that the preference of top performers may be an effect of their personality, not the cause of their performance, and may not apply to average workers.",Attacks the employees who prefer evening shifts.,Confuses surveys with strict scientific experiments.,Assumes all employees live near the office.,B,The manager confuses correlation with causation and commits a sampling error by applying traits of a unique subset to the whole.,Incorrect. Weather is irrelevant.,Correct. Identifies the causal flaw and the unrepresentative application.,Incorrect. No attack is present.,"Incorrect. The issue is the logic applied to the data, not the data gathering method.",Incorrect. Commute time is not the core logical error.,custom_gemini_generated,"flaw, sampling_causation"
EXP_B1_008,Experimental,Strengthen,4,N/A,"Historian: The sudden collapse of the Mayan civilization was likely caused by a severe, prolonged drought that decimated their agriculture.",Mayan architecture was incredibly advanced.,Recent geological core samples from Mayan lakes reveal a 200-year period of extreme aridity that perfectly aligns with the timeline of their societal collapse.,The Mayans engaged in frequent warfare with neighboring tribes.,Droughts are common in many parts of the world.,Mayan agriculture relied heavily on corn.,B,"Provides direct, independent scientific evidence that confirms the existence and timing of the historian's hypothesized cause.",Incorrect. Architecture is irrelevant to the collapse cause.,Correct. Adds strong corroborating evidence.,"Incorrect. Suggests an alternative cause (warfare), weakening the drought hypothesis.",Incorrect. General truth irrelevant to the specific Mayan case.,Incorrect. Corn reliance is true but doesn't prove the drought happened.,custom_gemini_generated,"strengthen, evidence"
EXP_B1_009,Experimental,Weaken,4,N/A,Electric vehicles (EVs) are entirely harmless to the environment because they produce zero tailpipe emissions while driving.,EVs are often more expensive than gas cars.,"The electricity used to charge EVs is frequently generated by burning massive amounts of coal, shifting the pollution from the car to the power plant.",EV batteries are heavy.,Many cities lack adequate charging infrastructure.,Gasoline cars are becoming more efficient.,B,"Undermines the 'entirely harmless' claim by showing that the pollution is merely relocated, not eliminated.",Incorrect. Cost is irrelevant to environmental impact.,Correct. Directly attacks the environmental premise by introducing lifecycle emissions.,Incorrect. Weight is irrelevant unless tied to an environmental impact.,"Incorrect. Infrastructure is a practical issue, not an environmental one.",Incorrect. Gas car efficiency doesn't make EVs less harmful.,custom_gemini_generated,"weaken, hidden_variable"
EXP_B1_010,Experimental,Assumption,4,N/A,"To improve public health, the government should ban the sale of all sugary sodas. This will force people to drink water, significantly reducing obesity rates.",People who currently drink soda will not simply switch to other equally sugary beverages like fruit juices or milkshakes if soda is banned.,Water is less expensive than soda.,Obesity is entirely caused by genetics.,The government has the authority to ban products.,Soda companies will lose money.,A,"If people switch to other high-calorie drinks, the ban won't reduce obesity, breaking the argument's core causal link.",Correct. Eliminates a behavioral loophole that would destroy the plan's efficacy.,"Incorrect. Cost might help, but isn't a strict logical assumption for the health mechanism.","Incorrect. If true, this would weaken the argument entirely.","Incorrect. Legal authority is assumed, but behavioral response is the critical missing link.",Incorrect. Corporate profit is out of scope.,custom_gemini_generated,"assumption, behavior"
EXP_B1_011,Experimental,Principle,4,N/A,"Situation: A journalist discovers that a beloved local charity director embezzled funds ten years ago, but has since paid the money back secretly and transformed the charity into a massive success. The journalist chooses to publish the story anyway.",A person's past mistakes should be forgiven if they have made restitution.,The public's right to know the truth about figures in power supersedes the potential damage to the individual's current reputation or the organization's stability.,Charities must undergo strict annual financial audits.,Journalists should focus only on positive news.,Embezzlement is a victimless crime if the money is returned.,B,"The journalist prioritizes truth and transparency over protecting the individual and the successful charity, matching this principle.",Incorrect. The journalist's action contradicts this principle.,Correct. Accurately reflects the ethical prioritization made by the journalist.,"Incorrect. This is a policy rule, not a guiding ethical principle.",Incorrect. The journalist's action contradicts this.,Incorrect. Contradicts common sense and the severity of the journalist's choice.,custom_gemini_generated,"principle, ethics"
EXP_B1_012,Experimental,Flaw,4,N/A,"Since reading enhances vocabulary, and John has a massive vocabulary, John must read constantly.",Assumes all reading material has complex vocabulary.,"Confuses a sufficient condition for a necessary condition, ignoring other ways to build vocabulary.",Attacks John's character.,Assumes John reads fiction.,Relies on circular reasoning.,B,"Reading causes a large vocabulary, but a large vocabulary doesn't guarantee reading (he could listen to lectures or use flashcards).",Incorrect. Complexity is not the core issue.,Correct. Identifies the fallacy of affirming the consequent.,Incorrect. No ad hominem.,Incorrect. Genre is not discussed.,Incorrect. The premise and conclusion are distinct.,custom_gemini_generated,"flaw, conditional"
EXP_B1_013,Experimental,Paradox,4,N/A,"When the speed limit on Highway 9 was lowered from 65 mph to 55 mph, traffic experts predicted a decrease in accidents. Surprisingly, the accident rate on Highway 9 actually increased by 15% the following year.","The highway was repaved last year, making it smoother.",Police issued fewer speeding tickets after the change.,"The lower speed limit caused extreme frustration, leading to aggressive tailgating and reckless lane changes by drivers trying to maintain their previous speeds.",Most drivers ignored the new speed limit entirely.,Car safety features have improved recently.,C,Explains how a policy meant to increase safety actually created behavioral side effects that decreased safety.,"Incorrect. Smoother roads usually reduce accidents or increase speed, not explaining the paradox fully.",Incorrect. Fewer tickets doesn't explain the accident spike.,Correct. Provides a mechanism linking the new rule to more dangerous conditions.,"Incorrect. If they ignored it, the rate should stay the same, not increase by 15%.","Incorrect. Better safety features should decrease the accident rate, deepening the paradox.",custom_gemini_generated,"paradox, behavior"
EXP_B1_014,Experimental,Main Point,5,"The prevailing theory of cognitive development posits that children acquire language through innate, hardwired biological modules. However, neuroplasticity research indicates that the brain's language centers actually self-organize dynamically in response to linguistic input from the environment. Consequently, language acquisition is less a matter of unfolding a genetic blueprint and more an interactive process of neurological adaptation.",N/A,Language acquisition is entirely genetic.,Neuroplasticity disproves the existence of the brain.,"Language acquisition relies heavily on dynamic neurological adaptation to environmental input, challenging the theory of innate biological modules.",Children learn languages faster than adults.,Linguistic input from the environment is irrelevant to brain development.,C,"The passage contrasts the prevailing genetic theory with new neuroplasticity data, concluding the process is adaptive.",Incorrect. This is the prevailing theory the author refutes.,Incorrect. Absurd and unsupported.,Correct. Accurately synthesizes the author's argument and final conclusion.,Incorrect. Out of scope.,Incorrect. The text says the opposite.,custom_gemini_generated,"rc, science, main_point"
EXP_B1_015,Experimental,Inference,5,"In 19th-century jurisprudence, the doctrine of 'caveat emptor' (buyer beware) heavily favored manufacturers, placing the burden of discovering product defects entirely on the consumer. The landmark case MacPherson v. Buick Motor Co. fundamentally shifted this by establishing that a manufacturer is liable for negligence if a product is reasonably certain to place life and limb in peril.",N/A,"Before MacPherson, a consumer injured by a hidden defect in a product would likely struggle to hold the manufacturer legally responsible.",Caveat emptor was invented by Buick Motor Co.,Manufacturers today bear no responsibility for product safety.,MacPherson made it impossible to sue manufacturers.,Consumers in the 19th century never bought defective goods.,A,"Since 'caveat emptor' favored the manufacturer and placed the burden on the consumer before MacPherson shifted it, pre-MacPherson lawsuits were likely difficult for consumers.",Correct. Valid historical deduction based on the described legal shift.,"Incorrect. It's a general 19th-century doctrine, not invented by one company.",Incorrect. The passage says the case established their liability.,"Incorrect. The case established liability, meaning they *could* be sued.",Incorrect. Out of scope and improbable.,custom_gemini_generated,"rc, law, inference"
EXP_B1_016,Experimental,Function,5,"Many historians view the Renaissance as a sudden explosion of intellectual brilliance. [Conversely, medievalists point out that the 12th century saw a massive translation movement of Greek and Arabic texts into Latin, laying the essential philosophical groundwork for the later era.] Thus, the Renaissance was more a continuation than a spontaneous birth.",N/A,To introduce the main topic of the Renaissance.,To provide a counter-narrative and historical evidence that challenges the 'sudden explosion' theory.,To summarize the final conclusion.,To praise the intellectual brilliance of the Renaissance.,To define what a medievalist does.,B,The bracketed text introduces evidence of prior intellectual activity to attack the idea that the Renaissance was spontaneous.,Incorrect. The first sentence introduces the topic.,Correct. Identifies the sentence as a counter-argument supported by historical evidence.,Incorrect. The final sentence is the conclusion.,Incorrect. It actually downplays the 'suddenness' of that brilliance.,Incorrect. Not the purpose of the sentence.,custom_gemini_generated,"rc, history, function"
EXP_B1_017,Experimental,Weaken,5,"Proponents of cryptocurrency argue that its decentralized nature makes it inherently immune to inflation, unlike fiat currencies which governments can devalue by printing more money. Therefore, cryptocurrency is the safest long-term store of value.",N/A,Cryptocurrencies can be used to buy real estate.,Fiat currencies are printed on paper.,The value of cryptocurrencies is highly volatile and frequently manipulated by small groups of 'whales' who hold massive percentages of the total supply.,Governments dislike cryptocurrencies.,Blockchain technology is complex.,C,"If the value can be manipulated by massive holders ('whales'), it is not a safe store of value, undermining the conclusion.","Incorrect. Purchasing power is an effect, not a flaw in the safety claim.",Incorrect. Physical medium is irrelevant.,Correct. Directly attacks the 'safest store of value' conclusion by introducing a severe vulnerability.,Incorrect. Government opinion doesn't change the economic mechanics.,Incorrect. Complexity doesn't preclude safety.,custom_gemini_generated,"rc, economy, weaken"
EXP_B1_018,Experimental,Strengthen,5,"Evolutionary biologists argue that the peacock's elaborate tail evolved through sexual selection; females prefer males with larger, more vibrant tails because such plumage signals robust genetic health and parasite resistance.",N/A,Peacocks are native to South Asia.,"In experiments where researchers artificially shortened the tails of healthy males, those males were completely ignored by females during mating season.",Male peacocks are often preyed upon by tigers.,Female peacocks have very dull plumage.,Tails are heavy and make flying difficult.,B,"By artificially manipulating the trait (cause) and observing the loss of mating success (effect), the experiment proves the causal link between the tail and female preference.",Incorrect. Geographic origin is irrelevant.,Correct. Provides experimental verification of the behavioral premise.,"Incorrect. Predation actually makes the tail an evolutionary puzzle, though it doesn't address female preference directly.",Incorrect. Irrelevant to why the male tail evolved.,"Incorrect. This highlights the cost, but doesn't prove the sexual selection benefit.",custom_gemini_generated,"rc, science, strengthen"
EXP_B1_019,Experimental,Detail,5,"The architecture of the Gothic period is defined by three distinct structural innovations: the pointed arch, the ribbed vault, and the flying buttress. These elements allowed builders to redistribute the immense weight of the stone roofs outward, permitting the incorporation of massive stained-glass windows that flooded the interiors with light.",N/A,"Gothic architecture relied heavily on thick, windowless walls.",The rounded arch is a hallmark of Gothic design.,The flying buttress helped redistribute roof weight to allow for large windows.,"Gothic builders preferred dark, gloomy interiors.",Stained glass was invented in the 19th century.,C,"The text explicitly states the flying buttress (along with the others) redistributed weight, permitting large windows.",Incorrect. Text says they incorporated massive windows.,Incorrect. Text says pointed arch.,Correct. Directly retrieves a stated causal detail.,Incorrect. Text says interiors were flooded with light.,Incorrect. Not supported by text.,custom_gemini_generated,"rc, arts, detail"
EXP_B1_020,Experimental,Tone,5,"The regulatory board's report on the chemical spill is a masterpiece of bureaucratic evasion. It obfuscates corporate negligence behind a dense fog of technical jargon and passive voice, effectively exonerating the perpetrators while offering nothing but empty platitudes to the devastated community.",N/A,Objective and fact-based.,Enthusiastic and congratulatory.,Highly critical and cynical.,Cautiously optimistic.,Indifferent and detached.,C,"The author uses harsh, cynical phrases like 'masterpiece of bureaucratic evasion', 'obfuscates', and 'empty platitudes' to attack the report.",Incorrect. The language is heavily biased and opinionated.,Incorrect. 'Masterpiece' is used sarcastically here.,Correct. Accurately reflects the author's deep skepticism and anger.,Incorrect. There is no optimism.,Incorrect. The author is deeply invested in criticizing the board.,custom_gemini_generated,"rc, policy, tone"
EXP_B1_021,Experimental,Paradox,5,"Despite enacting some of the strictest gun control laws in the country, the city of Oakhaven saw a 20% increase in gun-related crimes over the next two years. Interestingly, the overall crime rate in the city remained flat during this period.",N/A,"Oakhaven borders a state with virtually no restrictions on firearm purchases, and investigations show 90% of the weapons used in Oakhaven crimes were trafficked across the border.",Oakhaven has a very large police force.,The strict gun laws were wildly unpopular among citizens.,Oakhaven's economy suffered a minor recession during those two years.,Many citizens took self-defense classes.,A,"Explains why local laws failed: the geographic vulnerability negated the local jurisdiction's efforts, allowing the specific crime to rise.",Correct. Resolves the paradox by showing how the laws were bypassed externally.,"Incorrect. A large police force should decrease crime, deepening the paradox.",Incorrect. Popularity doesn't explain the rise in crime.,"Incorrect. A recession might increase overall crime, but the prompt says overall crime was flat.",Incorrect. Doesn't explain the rise in gun crime specifically.,custom_gemini_generated,"rc, society, paradox"
EXP_B1_022,Experimental,Assumption,5,The discovery of sophisticated astronomical alignments in the megalithic structure of Nabta Playa proves that the nomadic tribes of the Sahara possessed advanced mathematical knowledge centuries before the Egyptians.,N/A,Nomadic tribes traveled frequently.,"The astronomical alignments were intentionally designed by the builders using mathematical principles, rather than being a coincidental result of random rock placement.",The Egyptians learned their mathematics from the Saharan tribes.,Nabta Playa is located near a water source.,Advanced mathematics requires a written language.,B,"If the rocks just happen to align with stars by pure chance, it proves no mathematical knowledge at all, destroying the argument.","Incorrect. Mobility is a fact, not the logical assumption linking rocks to math.",Correct. Identifies the crucial assumption of intentionality and underlying knowledge.,"Incorrect. The prompt compares timelines, it doesn't assume knowledge transfer.",Incorrect. Irrelevant geological fact.,Incorrect. This would actually weaken the argument if they didn't have writing.,custom_gemini_generated,"rc, history, assumption"
EXP_B1_023,Experimental,Weaken,5,"Philosopher: Morality is entirely subjective and culturally relative. Because different societies have wildly divergent moral codes regarding issues like property and marriage, there can be no universal, objective moral truths.",N/A,Many societies have similar laws regarding traffic.,"The existence of disagreement on a topic does not logically preclude the existence of an objective truth; scientists disagree, yet objective physical laws remain.",Some cultures practice polygamy.,Moral codes often evolve over time within the same society.,Subjective feelings are important to human happiness.,B,Attacks the philosophical jump from 'people disagree' to 'there is no truth' by providing a parallel where disagreement doesn't equal subjectivity.,"Incorrect. Traffic laws are practical, not necessarily deeply moral.",Correct. Directly attacks the logical validity of the premise-to-conclusion leap.,Incorrect. Strengthens the premise of divergent codes.,Incorrect. This supports relativity/subjectivity.,Incorrect. Irrelevant to whether objective moral truth exists.,custom_gemini_generated,"rc, philosophy, weaken"
